<?xml version="1.0"?>
<extension>
	<id>5e8f2f60-8918-11e4-b4a9-0800200c9a66</id>
	<name>PLUGIN_DISABLESHUFFLE</name>
	<module>Plugins::DisableShuffle::Plugin</module>
	<version>1.0</version>
	<description>PLUGIN_DISABLESHUFFLE_DESC</description>
	<creator>Martin Johnen</creator>
	<email>m.johnen@gmail.com</email>
	<defaultState>enabled</defaultState>
	<optionsURL>plugins/DisableShuffle/settings.html</optionsURL>
	
	<type>2</type><!-- type=extension -->
	<targetApplication>
		<id>SqueezeCenter</id>
		<minVersion>7.6</minVersion>
		<maxVersion>*</maxVersion>
	</targetApplication>
</extension>
