<?xml version="1.0"?>
<extension>
	<id>5180ecae-63a6-408e-a668-763f9c01031d</id>
	<name>PLUGIN_BOOKMARKHISTORY</name>
	<module>Plugins::BookmarkHistory::Plugin</module>
	<version>1.1.6</version>
	<description>PLUGIN_BOOKMARKHISTORY_DESC</description>
	<creator>Martin Johnen (based on work of Michael Herger)</creator>
	<email>m.johnen@gmail.com</email>
	<defaultState>enabled</defaultState>
	<optionsURL>plugins/BookmarkHistory/settings.html</optionsURL>
	<icon>plugins/BookmarkHistory/html/images/icon.png</icon>
	<type>2</type>
	<targetApplication>
		<id>SqueezeCenter</id>
		<minVersion>7.6</minVersion>
		<maxVersion>*</maxVersion>
	</targetApplication>
</extension>